model,C_full_precision,gamma_full_precision,mean_train_AUROC,mean_validation_AUROC,train_validation_gap,is_pareto_optimal,C_display_2dp,gamma_display_2dp,validation_AUROC_display_2dp,gap_display_2dp
Linear soft margin,0.01,,0.959253497042581,0.945179063360882,0.014074433681699,True,0.01,--,0.95,0.01
Linear soft margin,0.0316227766016838,,0.959742569076519,0.940358126721763,0.019384442354756,False,0.03,--,0.94,0.02
Linear soft margin,0.1,,0.958184527981013,0.921625344352617,0.0365591836283959,False,0.10,--,0.92,0.04
Linear soft margin,0.316227766016838,,0.957892056550706,0.908815426997245,0.0490766295534609,False,0.32,--,0.91,0.05
Linear soft margin,1,,0.959150711555892,0.910606060606061,0.0485446509498311,False,1.00,--,0.91,0.05
Linear soft margin,3.16227766016838,,0.958191162316972,0.91404958677686,0.044141575540112,False,3.16,--,0.91,0.04
Linear soft margin,10,,0.958964015735524,0.912534435261708,0.0464295804738161,False,10.00,--,0.91,0.05
Linear soft margin,31.6227766016838,,0.960115773834553,0.903994490358127,0.0561212834764261,False,31.62,--,0.90,0.06
Linear soft margin,100,,0.960115773834553,0.903994490358127,0.0561212834764261,False,100.00,--,0.90,0.06
RBF kernel,0.01,0.001,0.9593672151674,0.951101928374656,0.00826528679274452,False,0.01,1.00e-03,0.95,0.01
RBF kernel,0.01,0.00316227766016838,0.959365159457666,0.951101928374656,0.00826323108301086,True,0.01,3.16e-03,0.95,0.01
RBF kernel,0.01,0.01,0.960134088339454,0.949724517906336,0.0104095704331179,False,0.01,0.01,0.95,0.01
RBF kernel,0.01,0.0316227766016838,0.960623627580149,0.946831955922865,0.0137916716572842,False,0.01,0.03,0.95,0.01
RBF kernel,0.01,0.1,0.966119380670722,0.934573002754821,0.0315463779159012,False,0.01,0.10,0.93,0.03
RBF kernel,0.01,0.316227766016838,0.984349134265878,0.88870523415978,0.0956439001060984,False,0.01,0.32,0.89,0.10
RBF kernel,0.01,1,1,0.78236914600551,0.21763085399449,False,0.01,1.00,0.78,0.22
RBF kernel,0.01,3.16227766016838,1,0.720316804407714,0.279683195592286,False,0.01,3.16,0.72,0.28
RBF kernel,0.01,10,1,0.544972451790634,0.455027548209366,False,0.01,10.00,0.54,0.46
RBF kernel,0.0316227766016838,0.001,0.9593672151674,0.951101928374656,0.00826528679274452,False,0.03,1.00e-03,0.95,0.01
RBF kernel,0.0316227766016838,0.00316227766016838,0.959365159457666,0.951101928374656,0.00826323108301086,True,0.03,3.16e-03,0.95,0.01
RBF kernel,0.0316227766016838,0.01,0.960134088339454,0.949724517906336,0.0104095704331179,False,0.03,0.01,0.95,0.01
RBF kernel,0.0316227766016838,0.0316227766016838,0.960623627580149,0.946831955922865,0.0137916716572842,False,0.03,0.03,0.95,0.01
RBF kernel,0.0316227766016838,0.1,0.966119380670722,0.934573002754821,0.0315463779159012,False,0.03,0.10,0.93,0.03
RBF kernel,0.0316227766016838,0.316227766016838,0.984349134265878,0.88870523415978,0.0956439001060984,False,0.03,0.32,0.89,0.10
RBF kernel,0.0316227766016838,1,1,0.78236914600551,0.21763085399449,False,0.03,1.00,0.78,0.22
RBF kernel,0.0316227766016838,3.16227766016838,1,0.720316804407714,0.279683195592286,False,0.03,3.16,0.72,0.28
RBF kernel,0.0316227766016838,10,1,0.55103305785124,0.44896694214876,False,0.03,10.00,0.55,0.45
RBF kernel,0.1,0.001,0.9593672151674,0.951101928374656,0.00826528679274452,False,0.10,1.00e-03,0.95,0.01
RBF kernel,0.1,0.00316227766016838,0.959365159457666,0.951101928374656,0.00826323108301086,True,0.10,3.16e-03,0.95,0.01
RBF kernel,0.1,0.01,0.960134088339454,0.949724517906336,0.0104095704331179,False,0.10,0.01,0.95,0.01
RBF kernel,0.1,0.0316227766016838,0.960623627580149,0.946831955922865,0.0137916716572842,False,0.10,0.03,0.95,0.01
RBF kernel,0.1,0.1,0.966119380670722,0.934573002754821,0.0315463779159012,False,0.10,0.10,0.93,0.03
RBF kernel,0.1,0.316227766016838,0.984349134265878,0.88870523415978,0.0956439001060984,False,0.10,0.32,0.89,0.10
RBF kernel,0.1,1,1,0.78236914600551,0.21763085399449,False,0.10,1.00,0.78,0.22
RBF kernel,0.1,3.16227766016838,1,0.720316804407714,0.279683195592286,False,0.10,3.16,0.72,0.28
RBF kernel,0.1,10,1,0.548760330578512,0.451239669421488,False,0.10,10.00,0.55,0.45
RBF kernel,0.316227766016838,0.001,0.9593672151674,0.951101928374656,0.00826528679274452,False,0.32,1.00e-03,0.95,0.01
RBF kernel,0.316227766016838,0.00316227766016838,0.959365159457666,0.951101928374656,0.00826323108301086,True,0.32,3.16e-03,0.95,0.01
RBF kernel,0.316227766016838,0.01,0.960234818116409,0.948071625344353,0.0121631927720567,False,0.32,0.01,0.95,0.01
RBF kernel,0.316227766016838,0.0316227766016838,0.963795774582083,0.938980716253443,0.0248150583286399,False,0.32,0.03,0.94,0.02
RBF kernel,0.316227766016838,0.1,0.97131303787178,0.93168044077135,0.03963259710043,False,0.32,0.10,0.93,0.04
RBF kernel,0.316227766016838,0.316227766016838,0.984349134265878,0.88870523415978,0.0956439001060984,False,0.32,0.32,0.89,0.10
RBF kernel,0.316227766016838,1,1,0.78236914600551,0.21763085399449,False,0.32,1.00,0.78,0.22
RBF kernel,0.316227766016838,3.16227766016838,1,0.721074380165289,0.278925619834711,False,0.32,3.16,0.72,0.28
RBF kernel,0.316227766016838,10,1,0.560123966942149,0.439876033057851,False,0.32,10.00,0.56,0.44
RBF kernel,1,0.001,0.9593672151674,0.951101928374656,0.00826528679274452,False,1.00,1.00e-03,0.95,0.01
RBF kernel,1,0.00316227766016838,0.959558209289939,0.944903581267218,0.0146546280227214,False,1.00,3.16e-03,0.94,0.01
RBF kernel,1,0.01,0.962827441856119,0.93732782369146,0.025499618164659,False,1.00,0.01,0.94,0.03
RBF kernel,1,0.0316227766016838,0.968024743269887,0.937878787878788,0.0301459553910988,False,1.00,0.03,0.94,0.03
RBF kernel,1,0.1,0.972030854334277,0.919834710743802,0.0521961435904754,False,1.00,0.10,0.92,0.05
RBF kernel,1,0.316227766016838,0.998174342873695,0.882782369146006,0.11539197372769,False,1.00,0.32,0.88,0.12
RBF kernel,1,1,1,0.78236914600551,0.21763085399449,False,1.00,1.00,0.78,0.22
RBF kernel,1,3.16227766016838,1,0.721074380165289,0.278925619834711,False,1.00,3.16,0.72,0.28
RBF kernel,1,10,1,0.57396694214876,0.42603305785124,False,1.00,10.00,0.57,0.43
RBF kernel,3.16227766016838,0.001,0.95945542380325,0.943250688705234,0.0162047350980158,False,3.16,1.00e-03,0.94,0.02
RBF kernel,3.16227766016838,0.00316227766016838,0.96234621889571,0.938980716253443,0.0233655026422668,False,3.16,3.16e-03,0.94,0.02
RBF kernel,3.16227766016838,0.01,0.962516842803614,0.928236914600551,0.0342799282030632,False,3.16,0.01,0.93,0.03
RBF kernel,3.16227766016838,0.0316227766016838,0.968325717863183,0.917355371900826,0.0509703459623565,False,3.16,0.03,0.92,0.05
RBF kernel,3.16227766016838,0.1,0.98114269428793,0.897658402203857,0.0834842920840735,False,3.16,0.10,0.90,0.08
RBF kernel,3.16227766016838,0.316227766016838,1,0.860743801652893,0.139256198347107,False,3.16,0.32,0.86,0.14
RBF kernel,3.16227766016838,1,1,0.769972451790634,0.230027548209366,False,3.16,1.00,0.77,0.23
RBF kernel,3.16227766016838,3.16227766016838,1,0.721074380165289,0.278925619834711,False,3.16,3.16,0.72,0.28
RBF kernel,3.16227766016838,10,1,0.585330578512397,0.414669421487603,False,3.16,10.00,0.59,0.41
RBF kernel,10,0.001,0.961862940225567,0.93732782369146,0.0245351165341073,False,10.00,1.00e-03,0.94,0.02
RBF kernel,10,0.00316227766016838,0.960692774180286,0.932506887052342,0.0281858871279442,False,10.00,3.16e-03,0.93,0.03
RBF kernel,10,0.01,0.964065352881264,0.916942148760331,0.0471232041209336,False,10.00,0.01,0.92,0.05
RBF kernel,10,0.0316227766016838,0.979399172109625,0.893801652892562,0.0855975192170633,False,10.00,0.03,0.89,0.09
RBF kernel,10,0.1,0.999710144927536,0.859779614325069,0.139930530602467,False,10.00,0.10,0.86,0.14
RBF kernel,10,0.316227766016838,1,0.835812672176309,0.164187327823691,False,10.00,0.32,0.84,0.16
RBF kernel,10,1,1,0.769972451790634,0.230027548209366,False,10.00,1.00,0.77,0.23
RBF kernel,10,3.16227766016838,1,0.721074380165289,0.278925619834711,False,10.00,3.16,0.72,0.28
RBF kernel,10,10,1,0.585330578512397,0.414669421487603,False,10.00,10.00,0.59,0.41
RBF kernel,31.6227766016838,0.001,0.959631654192246,0.934022038567493,0.0256096156247532,False,31.62,1.00e-03,0.93,0.03
RBF kernel,31.6227766016838,0.00316227766016838,0.960207626683112,0.915151515151515,0.0450561115315971,False,31.62,3.16e-03,0.92,0.05
RBF kernel,31.6227766016838,0.01,0.9714876797578,0.902754820936639,0.0687328588211609,False,31.62,0.01,0.90,0.07
RBF kernel,31.6227766016838,0.0316227766016838,0.985085732440034,0.878236914600551,0.106848817839483,False,31.62,0.03,0.88,0.11
RBF kernel,31.6227766016838,0.1,1,0.794214876033058,0.205785123966942,False,31.62,0.10,0.79,0.21
RBF kernel,31.6227766016838,0.316227766016838,1,0.835812672176309,0.164187327823691,False,31.62,0.32,0.84,0.16
RBF kernel,31.6227766016838,1,1,0.769972451790634,0.230027548209366,False,31.62,1.00,0.77,0.23
RBF kernel,31.6227766016838,3.16227766016838,1,0.721074380165289,0.278925619834711,False,31.62,3.16,0.72,0.28
RBF kernel,31.6227766016838,10,1,0.585330578512397,0.414669421487603,False,31.62,10.00,0.59,0.41
RBF kernel,100,0.001,0.958377390930582,0.915013774104683,0.0433636168258992,False,100.00,1.00e-03,0.92,0.04
RBF kernel,100,0.00316227766016838,0.964545734869509,0.907162534435262,0.0573832004342475,False,100.00,3.16e-03,0.91,0.06
RBF kernel,100,0.01,0.982762500116802,0.893526170798898,0.0892363293179037,False,100.00,0.01,0.89,0.09
RBF kernel,100,0.0316227766016838,0.999710144927536,0.827548209366391,0.172161935561145,False,100.00,0.03,0.83,0.17
RBF kernel,100,0.1,1,0.785123966942149,0.214876033057851,False,100.00,0.10,0.79,0.21
RBF kernel,100,0.316227766016838,1,0.835812672176309,0.164187327823691,False,100.00,0.32,0.84,0.16
RBF kernel,100,1,1,0.769972451790634,0.230027548209366,False,100.00,1.00,0.77,0.23
RBF kernel,100,3.16227766016838,1,0.721074380165289,0.278925619834711,False,100.00,3.16,0.72,0.28
RBF kernel,100,10,1,0.585330578512397,0.414669421487603,False,100.00,10.00,0.59,0.41
